player,team,minutes,cluster,centroid_distance,x,y,role_name,is_representative,role_confidence
Aaron Cresswell,West Ham,824.0,1,11.409986504214878,5.6040864,5.9936404,The Balanced Players,False,0.5699926671587239
Aaron Ramsdale,Southampton,2700.0,0,15.194106989113612,9.648052,6.476221,The Enforcers,False,0.42738079323054257
Aaron Wan-Bissaka,West Ham,3122.0,0,13.862232646801148,1.0191717,5.048904,The Enforcers,False,0.4775750448544116
Abdoulaye Doucouré,Everton,2564.0,0,11.401468702133647,2.2975807,5.242075,The Enforcers,False,0.5703136769472339
Abdukodir Khusanov,Manchester City,503.0,1,7.64926405387927,6.8819866,8.450378,The Balanced Players,False,0.711722741057387
Abdul Fatawu Issahaku,Leicester City,579.0,1,11.229039575809086,3.9508958,7.7882576,The Balanced Players,False,0.5768120009099822
Adam Armstrong,Southampton,1248.0,1,12.149890743820235,4.433535,8.586962,The Balanced Players,False,0.5421079498093105
Adam Lallana,Southampton,361.0,1,10.384712509272806,5.869165,6.5570946,The Balanced Players,False,0.6086320937552145
Adam Smith,Bournemouth,1590.0,1,13.292248159413832,3.8982625,5.7101684,The Balanced Players,False,0.49905600884080914
Adam Webster,Brighton,887.0,1,11.230512096645526,4.093469,5.880544,The Balanced Players,False,0.5767565061241473
Adam Wharton,Crystal Palace,1318.0,0,14.431384343794972,3.3743815,6.698567,The Enforcers,False,0.4561254661791
Adama Traoré,Fulham,1772.0,2,10.482538883959187,0.5531622,7.480264,The Attackers,False,0.6049453182761302
Albert Grønbaek,Southampton,143.0,1,6.8889412963341,6.5465775,8.647844,The Balanced Players,False,0.7403769696096949
Alejandro Garnacho,Manchester Utd,2199.0,2,9.571853064487103,0.3922991,7.8916154,The Attackers,False,0.6392662686245731
Alex Iwobi,Fulham,2981.0,2,13.299870887619674,-0.15075633,7.7062535,The Attackers,False,0.49876873163644464
Alex McCarthy,Southampton,450.0,1,10.98752449318671,7.698974,6.688107,The Balanced Players,False,0.5859139622910079
Alex Palmer,Ipswich Town,1170.0,1,9.865994247170235,8.116097,6.877162,The Balanced Players,False,0.6281809912320337
Alex Scott,Bournemouth,755.0,1,10.43988076392727,3.5106826,6.9012785,The Balanced Players,False,0.606552971748128
Alexander Isak,Newcastle Utd,2756.0,2,11.859256276409955,0.05867411,8.180294,The Attackers,False,0.5530610698780041
Alexis Mac Allister,Liverpool,2599.0,0,13.967062765512662,0.5138221,5.8636274,The Enforcers,False,0.47362431978283326
Alfie Dorrington,Tottenham,14.0,1,9.914890636256494,7.496719,9.289192,The Balanced Players,False,0.6263382365671808
Alfie Pond,Wolves,11.0,1,9.402059997773073,7.798636,8.599197,The Balanced Players,False,0.6456652476001986
Ali Al Hamadi,Ipswich Town,134.0,1,7.6525145627908815,6.49448,9.514256,The Balanced Players,False,0.7116002393640727
Alisson,Liverpool,2508.0,0,16.678693576302262,9.918746,6.006341,The Enforcers,False,0.3714312863233167
Alphonse Areola,West Ham,2260.0,1,16.807408999452697,9.893739,6.0241995,The Balanced Players,False,0.3665803975177946
Altay Bayındır,Manchester Utd,360.0,1,9.388212258771963,7.313782,7.6646175,The Balanced Players,False,0.6461871263343715
Amad Diallo,Manchester Utd,1901.0,2,11.173038708791522,0.19433352,7.7002473,The Attackers,False,0.5789225015187364
Amadou Onana,Aston Villa,1617.0,0,9.510915864897155,2.8101645,6.0519953,The Enforcers,False,0.6415628044405279
Andreas Pereira,Fulham,2013.0,2,13.238278800108603,0.71637,6.5024915,The Attackers,False,0.5010899481659277
Andrew Robertson,Liverpool,2482.0,0,13.934517734074578,1.0177237,5.7616596,The Enforcers,False,0.4748508420193631
André,Wolves,2472.0,0,11.42864622297326,2.3775682,4.658538,The Enforcers,False,0.5692894396928634
André Onana,Manchester Utd,3060.0,0,14.960332830501061,9.726792,6.401786,The Enforcers,False,0.4361910229705219
Andrés García,Aston Villa,318.0,1,7.126959114639968,6.1978297,8.849086,The Balanced Players,False,0.7314068093750095
Andy Irving,West Ham,166.0,1,6.651798558774822,6.2247972,8.620455,The Balanced Players,False,0.7493141507398281
Anthony Elanga,Nott'ham Forest,2501.0,2,11.4277025080175,0.11823827,7.1479235,The Attackers,False,0.5693250054098726
Anthony Gordon,Newcastle Utd,2434.0,2,11.362062177675254,-0.13737257,7.206565,The Attackers,False,0.5717987877729687
Antoine Semenyo,Bournemouth,3122.0,2,13.447785402151784,-0.14343941,7.8243217,The Attackers,False,0.4931942880681749
Antonee Robinson,Fulham,3122.0,0,14.795199149747143,0.99128646,5.0564475,The Enforcers,False,0.44241440400581267
Antony,Manchester Utd,141.0,1,12.082773042978634,5.217101,9.122352,The Balanced Players,False,0.5446374097271356
Antonín Kinský,Tottenham,540.0,1,7.766691999703442,7.904534,7.8265266,The Balanced Players,False,0.7072972425902126
Archie Gray,Tottenham,1751.0,0,12.484832897103006,4.5838532,5.8952236,The Enforcers,False,0.5294850092005697
Arijanet Muric,Ipswich Town,1620.0,1,11.562549086766902,9.423326,6.5177693,The Balanced Players,False,0.5642430521885098
Armando Broja,Everton,334.0,1,7.824795097125911,6.1484003,9.044019,The Balanced Players,False,0.7051075153768436
Armel Bella Kotchap,Southampton,331.0,1,11.501094117166142,6.4854474,8.871573,The Balanced Players,False,0.566559101165264
Asher Agbinone,Crystal Palace,11.0,1,14.493056406676109,6.2171793,9.661367,The Balanced Players,False,0.4538012356236528
Ashley Young,Everton,1875.0,0,13.871722637858287,3.2748516,5.913834,The Enforcers,False,0.4772173962505627
Axel Disasi,Aston Villa,490.0,1,5.1728636291292105,6.047123,8.189509,The Balanced Players,True,0.805050664039628
Axel Tuanzebe,Ipswich Town,1710.0,0,11.373400662961336,3.709315,5.7008615,The Enforcers,False,0.571371475101343
Ayden Heaven,Manchester Utd,170.0,1,8.482904628430441,6.847796,9.082749,The Balanced Players,False,0.6803053892595914
Bart Verbruggen,Brighton,3122.0,0,16.231350482370267,9.778508,6.4228864,The Enforcers,False,0.38829027302024255
Ben Brereton,Southampton,449.0,1,7.275229410059668,5.609612,8.94711,The Balanced Players,False,0.7258189575182644
Ben Chilwell,Crystal Palace,259.0,1,9.340888095839581,4.69953,8.80261,The Balanced Players,False,0.6479706286263314
Ben Davies,Tottenham,1331.0,0,11.934916417566162,5.184142,5.3760233,The Enforcers,False,0.550209671632357
Ben Godfrey,Ipswich Town,159.0,1,7.938504858115043,6.5701895,8.382567,The Balanced Players,False,0.7008221438715492
Ben Johnson,Ipswich Town,1354.0,1,10.98373919604017,3.7357328,6.9376817,The Balanced Players,False,0.5860566185096979
Ben Mee,Brentford,183.0,1,9.90062587085133,6.3053184,6.418488,The Balanced Players,False,0.6268758317451607
Ben White,Arsenal,1198.0,1,10.740152168408695,3.8719556,6.152526,The Balanced Players,False,0.595236665131826
Ben Winterburn,Bournemouth,24.0,1,12.383038400957735,7.6048913,8.431954,The Balanced Players,False,0.5333213309849276
Benoît Badiashile,Chelsea,334.0,1,9.202699242908546,6.4028487,8.94638,The Balanced Players,False,0.6531785418920762
Bernardo Silva,Manchester City,2670.0,0,13.407617968576664,0.9559529,5.1774693,The Enforcers,False,0.49470807522053795
Bernd Leno,Fulham,3122.0,0,15.710303806646158,9.937422,6.2487516,The Enforcers,False,0.4079269212521376
Beto,Everton,1534.0,2,13.776309723783497,2.269127,9.140317,The Attackers,False,0.48081321581483283
Bilal El Khannouss,Leicester City,2182.0,0,12.897622592005552,0.91817915,6.530051,The Enforcers,False,0.5139282339437508
Billy Gilmour,Brighton,98.0,1,5.61059239329594,6.3890657,8.612816,The Balanced Players,True,0.7885540118904154
Bobby De Cordova-Reid,Leicester City,744.0,1,11.07932045841468,4.637397,8.463571,The Balanced Players,False,0.582454454415281
Boubacar Kamara,Aston Villa,1726.0,0,7.109160949578903,2.7014024,5.3185267,The Enforcers,True,0.7320775675292414
Boubacar Traoré,Wolves,11.0,1,12.251701373568785,7.637943,8.375358,The Balanced Players,False,0.5382710199990173
Boubakary Soumaré,Leicester City,2171.0,0,8.778178630310377,3.1109917,5.420826,The Enforcers,False,0.6691774193922424
Brajan Gruda,Brighton,687.0,1,13.244566264365451,3.8413684,7.9389405,The Balanced Players,False,0.5008529929570478
Brandon Austin,Tottenham,90.0,1,9.665932157313971,7.2462807,7.806373,The Balanced Players,False,0.6357207166848172
Brennan Johnson,Tottenham,2177.0,2,7.984172532190855,0.46572638,8.290322,The Attackers,True,0.6991010695548399
Bruno Fernandes,Manchester Utd,3018.0,2,20.176109547920824,-0.028904827,6.4050364,The Attackers,False,0.23962442456790378
Bruno Guimarães,Newcastle Utd,3122.0,0,14.433258589754598,0.69596267,5.455871,The Enforcers,False,0.4560548316077191
Bryan Mbeumo,Brentford,3122.0,2,15.770207985238164,-0.3257772,7.077019,The Attackers,False,0.4056693168235188
Bukayo Saka,Arsenal,1729.0,2,12.12877405983812,-0.07295821,7.279179,The Attackers,False,0.5429037727451437
Caleb Kporha,Crystal Palace,13.0,1,10.229112741275078,7.85599,9.0070095,The Balanced Players,False,0.6144961709127736
Caleb Okoli,Leicester City,1125.0,1,9.293752519491287,4.4177856,6.229276,The Balanced Players,False,0.6497470236693912
Callum Hudson-Odoi,Nott'ham Forest,2194.0,2,8.709438331596148,0.68604285,7.4724717,The Attackers,False,0.6717680300382672
Callum Wilson,Newcastle Utd,370.0,1,11.179246019171506,6.2063336,6.9870863,The Balanced Players,False,0.5786885670631935
Calvin Bassey,Fulham,3074.0,0,11.164956142960312,2.7206469,3.5340223,The Enforcers,False,0.5792271085902967
Cameron Archer,Southampton,1441.0,1,14.386562712029182,4.476807,8.686734,The Balanced Players,False,0.45781465576070746
Cameron Burgess,Ipswich Town,1541.0,1,12.565805734308599,5.146213,5.3459353,The Balanced Players,False,0.5264333917646941
Caoimhín Kelleher,Liverpool,900.0,1,8.53200907945512,7.9951696,7.15589,The Balanced Players,False,0.6784547933795737
Carlos Alcaraz,Southampton,11.0,1,21.506275592921835,6.0629807,9.7610445,The Balanced Players,False,0.18949455342076238
Carlos Baleba,Brighton,2661.0,0,13.717378583153076,1.5784869,4.419582,The Enforcers,False,0.48303414943245104
Carlos Forbs,Wolves,239.0,1,8.032534268206383,6.21889,9.177481,The Balanced Players,False,0.6972784643214394
Carlos Soler,West Ham,1409.0,1,11.39160520173785,3.6696887,6.435484,The Balanced Players,False,0.5706854019704062
Carlos Vinícius,Fulham,16.0,1,12.492516794255446,6.3390107,7.0328207,The Balanced Players,False,0.5291954267265566
Casemiro,Manchester Utd,1494.0,0,11.792352286829637,2.3397079,5.027973,The Enforcers,False,0.5555824756750439
Chadi Riad,Crystal Palace,90.0,1,7.999104027884954,7.392592,8.378134,The Balanced Players,False,0.6985383473608759
Charlie Taylor,Southampton,356.0,1,9.756757162151112,6.569068,6.7718916,The Balanced Players,False,0.6322978013228325
Cheick Doucouré,Crystal Palace,452.0,1,7.2662657781779965,5.8588867,8.57044,The Balanced Players,False,0.7261567692620894
Chidozie Obi-Martin,Manchester Utd,165.0,1,9.541767193940291,7.613238,9.074081,The Balanced Players,False,0.6404001126431671
Chiedozie Ogbene,Ipswich Town,238.0,1,6.201426433351009,6.5091987,7.3632474,The Balanced Players,False,0.7662872923266312
Chiquinho,Wolves,11.0,1,10.660670056272398,6.1594014,9.677068,The Balanced Players,False,0.598232101720265
Chris Richards,Crystal Palace,1922.0,0,10.755193075011393,3.541118,5.401238,The Enforcers,False,0.5946698195768947
Chris Wood,Nott'ham Forest,2959.0,2,16.433835666394597,0.6875418,8.975631,The Attackers,False,0.38065922859350165
Christian Eriksen,Manchester Utd,1061.0,2,18.395844746773932,4.178262,6.8196754,The Attackers,False,0.30671713485372154
Christian Nørgaard,Brentford,2819.0,0,11.498952216019267,1.7090315,4.922056,The Enforcers,False,0.5666398228382508
Christian Walton,Ipswich Town,630.0,1,10.789310554877368,7.940213,6.980658,The Balanced Players,False,0.5933840365906471
Christopher Nkunku,Chelsea,921.0,2,11.851788708275805,2.7985182,9.051438,The Attackers,False,0.5533424995760139
Claudio Echeverri,Manchester City,11.0,1,10.990231274334894,7.5778203,9.309909,The Balanced Players,False,0.5858119520264309
Cody Gakpo,Liverpool,1935.0,2,7.400076197106799,0.2554696,8.198737,The Attackers,True,0.7211138657206442
Cole Palmer,Chelsea,3122.0,2,16.418391584265606,-0.20948209,7.0567966,The Attackers,False,0.38124126859521557
Conor Bradley,Liverpool,754.0,1,9.978137684424048,4.160041,7.751312,The Balanced Players,False,0.6239546496556129
Conor Chaplin,Ipswich Town,857.0,1,7.15313542753527,4.618439,8.584728,The Balanced Players,False,0.730420304571733
Conor Coady,Leicester City,1714.0,0,13.86314799285939,5.0510983,5.2103004,The Enforcers,False,0.47754054827398307
Conor Townsend,Ipswich Town,335.0,1,10.510144073766396,6.507868,6.6914077,The Balanced Players,False,0.6039049634924335
Craig Dawson,Wolves,971.0,1,11.426547673351408,5.491731,5.7309527,The Balanced Players,False,0.5693685275800747
Cristian Romero,Tottenham,1416.0,0,8.255230244171539,3.2900312,4.916253,The Enforcers,False,0.6888857372464435
Crysencio Summerville,West Ham,786.0,1,9.994840395886376,3.3678782,7.7238884,The Balanced Players,False,0.6233251757816096
Curtis Jones,Liverpool,1712.0,0,11.257932535453934,2.4076095,6.22644,The Enforcers,False,0.5757231140379266
Daichi Kamada,Crystal Palace,1564.0,0,9.852840514604729,2.6097155,5.587292,The Enforcers,False,0.6286767149960638
Dan Burn,Newcastle Utd,3122.0,0,12.07747755421953,3.2233152,3.9250515,The Enforcers,False,0.5448369804274646
Dane Scarlett,Tottenham,34.0,1,11.035517946166092,7.001687,9.582139,The Balanced Players,False,0.5841052365136477
Dango Ouattara,Bournemouth,2005.0,2,8.736427830275147,0.39527503,8.080339,The Attackers,False,0.6707508787614105
Daniel Bentley,Wolves,180.0,1,11.023643426447531,7.4301977,6.981824,The Balanced Players,False,0.5845527506760055
Daniel Jebbison,Bournemouth,119.0,1,13.518782667856403,3.8698263,9.297055,The Balanced Players,False,0.4905186192710743
Daniel Muñoz,Crystal Palace,3122.0,0,14.21183094060331,1.0489836,5.0657105,The Enforcers,False,0.46439975934218103
Daniel Podence,Wolves,48.0,1,9.72826872139637,6.601052,7.3696012,The Balanced Players,False,0.6333714431208511
Danilo,Nott'ham Forest,275.0,1,6.1894931790173295,6.2689595,8.834355,The Balanced Players,False,0.7667370200161641
Danny Ings,West Ham,284.0,1,14.788028371025085,3.591273,9.157299,The Balanced Players,False,0.44268464862280044
Danny Ward,Leicester City,135.0,1,12.44751211095802,7.4537477,6.6064587,The Balanced Players,False,0.5308915149579444
Danny Welbeck,Brighton,2115.0,2,13.824684566328397,0.6924481,8.981731,The Attackers,False,0.4789901166366116
Dara O'Shea,Ipswich Town,3122.0,0,9.629066736525804,2.7324831,3.6981647,The Enforcers,False,0.6371100611210561
Darwin Núñez,Liverpool,1133.0,2,10.700434938603923,2.5937107,9.010268,The Attackers,False,0.5967334854873878
David Brooks,Bournemouth,960.0,2,12.746473339035104,4.109584,8.415005,The Attackers,False,0.5196245848646537
David Raya,Arsenal,3122.0,0,15.815237976671494,9.840784,6.3271294,The Enforcers,False,0.403972274806251
Dean Henderson,Crystal Palace,3122.0,0,15.236536158058133,9.927077,6.215177,The Enforcers,False,0.4257817682215502
Dean Huijsen,Bournemouth,2427.0,0,11.309569537038934,2.6848996,3.4616678,The Enforcers,False,0.5737770741088448
Declan Rice,Arsenal,2825.0,0,15.191104816049092,0.3573547,6.098967,The Enforcers,False,0.42749393590882045
Dejan Kulusevski,Tottenham,2389.0,2,10.378453643158219,0.042409584,7.4803624,The Attackers,False,0.6088679711879836
Destiny Udogie,Tottenham,1924.0,0,11.805541663551463,2.2507932,5.732754,The Enforcers,False,0.5550854085922831
Diego Carlos,Aston Villa,830.0,1,11.329152204279639,5.5408707,5.6779323,The Balanced Players,False,0.5730390635505516
Diego Gómez,Brighton,516.0,1,8.857455922325606,4.319042,7.8113227,The Balanced Players,False,0.6661897018448331
Diogo Dalot,Manchester Utd,2814.0,0,10.433724282468825,1.3443472,4.80943,The Enforcers,False,0.6067849906177957
Diogo Jota,Liverpool,1196.0,2,10.262452187027797,2.4630432,9.016396,The Attackers,False,0.6132397096416549
Divin Mubama,Manchester City,28.0,1,9.052364942681203,7.899506,9.050721,The Balanced Players,False,0.6588441797481279
Djed Spence,Tottenham,1792.0,0,10.129438480974722,2.087945,5.666262,The Enforcers,False,0.6182525875228064
Dominic Calvert-Lewin,Everton,1609.0,2,13.034113112689871,2.4293292,9.090622,The Attackers,False,0.5087843256020625
Dominic Solanke,Tottenham,2201.0,2,11.079335937181604,0.6603664,8.914763,The Attackers,False,0.582453871068116
Dominik Szoboszlai,Liverpool,2491.0,2,11.563919401867434,0.07753074,6.6548243,The Attackers,False,0.5641914092228224
Donyell Malen,Aston Villa,305.0,1,11.437358524036616,3.395966,9.195633,The Balanced Players,False,0.5689610998353377
Dwight McNeil,Everton,1371.0,2,12.206532450742571,0.29486537,6.8813033,The Attackers,False,0.5399732979136003
Eberechi Eze,Crystal Palace,2588.0,2,12.629154991241785,-0.2687307,7.058106,The Attackers,False,0.5240459529187977
Eddie Nketiah,Crystal Palace,1034.0,2,12.012000956315532,2.6243236,8.999775,The Attackers,False,0.54730459221805
Ederson,Manchester City,2320.0,0,14.798774750360236,9.91664,6.1268225,The Enforcers,False,0.4422796506051515
Edmond-Paris Maghoma,Brentford,119.0,1,6.469470346048037,6.146549,8.677908,The Balanced Players,False,0.7561855408529891
Edson Álvarez,West Ham,1772.0,0,10.398795422567526,2.610428,4.7943015,The Enforcers,False,0.6081013520245158
Eiran Cashin,Brighton,20.0,1,9.268763187899525,6.4764924,9.046923,The Balanced Players,False,0.6506887947944746
Elliot Anderson,Nott'ham Forest,2728.0,0,15.293627282782381,0.5953175,5.53294,The Enforcers,False,0.42363017914977397
Emerson Palmieri,West Ham,2113.0,0,8.693966729295036,2.9889636,5.872567,The Enforcers,False,0.6723511071907095
Emi Buendía,Aston Villa,98.0,1,10.588516710499535,5.223678,9.094499,The Balanced Players,False,0.6009513396229481
Emil Krafth,Newcastle Utd,342.0,1,6.875633830780553,6.2259,6.5839505,The Balanced Players,False,0.7408784870976818
Emile Smith Rowe,Fulham,2043.0,2,9.843847252310493,1.9645903,6.4700785,The Attackers,False,0.6290156434190954
Emiliano Martínez,Aston Villa,3122.0,0,15.784395991035801,9.8573065,6.328666,The Enforcers,False,0.4051346144792939
Emmanuel Agbadou,Wolves,1410.0,0,11.027500996896238,4.995958,5.3352356,The Enforcers,False,0.584407370698625
Enes Ünal,Bournemouth,345.0,1,14.389565256717624,3.250546,9.12293,The Balanced Players,False,0.4577014990770657
Enzo Fernández,Chelsea,2947.0,0,18.406072738999175,0.38053185,5.8070173,The Enforcers,False,0.3063316732534407
Eric da Silva Moreira,Nott'ham Forest,30.0,1,10.747782192936373,7.516667,8.359944,The Balanced Players,False,0.5949491129515103
Erling Haaland,Manchester City,2736.0,2,12.348380124361537,0.6537784,8.694833,The Attackers,False,0.5346274949382769
Ethan Nwaneri,Arsenal,895.0,2,13.067464597442443,3.6517339,7.853205,The Attackers,False,0.5075274106180305
Ethan Pinnock,Brentford,1913.0,0,10.306854921018049,3.3280826,4.634123,The Enforcers,False,0.6115663070300956
Evan Ferguson,West Ham,156.0,1,8.175374755614047,6.7280016,9.680384,The Balanced Players,False,0.6918952452449552
Evanilson,Bournemouth,2319.0,2,12.629879857380644,0.45877343,8.590393,The Attackers,False,0.5240186349412591
Ezri Konsa,Aston Villa,2936.0,0,8.165896609807877,2.855152,3.841028,The Enforcers,False,0.692252447437691
Fabian Schär,Newcastle Utd,2934.0,0,13.317283369981949,2.5293474,4.0517488,The Enforcers,False,0.49811250867807555
Fabio Carvalho,Brentford,455.0,1,11.582183474323154,3.7613184,9.053393,The Balanced Players,False,0.5635030924504403
Facundo Buonanotte,Leicester City,1523.0,2,12.701490973267697,1.4796784,6.7229753,The Attackers,False,0.5213198320169082
Federico Chiesa,Liverpool,108.0,1,9.918259104061365,5.238751,9.076733,The Balanced Players,False,0.626211289365622
Ferdi Kadioglu,Brighton,385.0,1,5.715474471551298,5.159062,8.098835,The Balanced Players,True,0.7846013286232812
Filip Jørgensen,Chelsea,540.0,1,7.890153274057698,7.9159956,7.770553,The Balanced Players,False,0.7026443665088389
Flynn Downes,Southampton,2151.0,0,7.719652867631633,2.56073,4.778592,The Enforcers,False,0.7090700029448279
Frank Onyeka,Brentford,25.0,1,7.249676831763702,6.9982867,7.4677486,The Balanced Players,False,0.7267819556809885
Fraser Forster,Tottenham,630.0,1,11.697820587127172,7.8087935,6.5988836,The Balanced Players,False,0.5591450849772541
Gabriel Jesus,Arsenal,608.0,1,10.549185959705108,3.2721941,9.158065,The Balanced Players,False,0.6024335947721114
Gabriel Magalhães,Arsenal,2363.0,0,9.20826223624307,3.0061362,3.8319464,The Enforcers,False,0.6529688897662381
Gabriel Martinelli,Arsenal,2290.0,2,7.818789150953384,0.18288948,7.981728,The Attackers,True,0.7053338610341222
George Edmundson,Ipswich Town,11.0,1,7.757075747031156,7.139854,7.793747,The Balanced Players,False,0.7076596496063831
George Hirst,Ipswich Town,661.0,1,10.135212826163098,3.262492,9.083154,The Balanced Players,False,0.6180349701949996
Georginio Rutter,Brighton,1656.0,2,8.443535357332369,0.7234124,8.004258,The Attackers,False,0.681789096120641
Gonçalo Guedes,Wolves,995.0,2,10.871195881678446,3.9001942,8.470513,The Attackers,False,0.5902980302256474
Guglielmo Vicario,Tottenham,2160.0,1,14.6985645846035,9.712211,6.4486628,The Balanced Players,False,0.4460562638452038
Guido Rodríguez,West Ham,1149.0,1,10.564763601894459,4.179646,5.8983173,The Balanced Players,False,0.6018465213021013
Gustavo Nunes,Brentford,12.0,1,10.448647874810666,7.9308887,8.957374,The Balanced Players,False,0.6062225662768944
Hamza Choudhury,Leicester City,131.0,1,8.474916479263397,6.060422,8.807034,The Balanced Players,False,0.6806064380571855
Harrison Armstrong,Everton,48.0,1,13.814011961957842,6.707905,9.66672,The Balanced Players,False,0.47939233430252715
Harrison Reed,Fulham,108.0,1,9.375092795025992,6.350935,7.06601,The Balanced Players,False,0.6466815586118881
Harry Amass,Manchester Utd,346.0,1,10.400339305501474,6.5271916,9.2043,The Balanced Players,False,0.6080431678204941
Harry Clarke,Ipswich Town,379.0,1,8.696488768406907,6.3096323,8.8777275,The Balanced Players,False,0.6722560592858398
Harry Howell,Brighton,11.0,1,10.698447056369337,7.8555875,9.210233,The Balanced Players,False,0.5968084026608114
Harry Maguire,Manchester Utd,1758.0,0,9.43349697105545,3.2597637,4.543925,The Enforcers,False,0.6444804846709205
Harry Toffolo,Nott'ham Forest,137.0,1,9.758559418834762,6.664351,6.7177973,The Balanced Players,False,0.6322298798060677
Harry Wilson,Fulham,1162.0,2,12.067001288477142,2.7718816,8.808465,The Attackers,False,0.5452317986937577
Harry Winks,Leicester City,1538.0,0,11.110606350211645,3.69894,6.164379,The Enforcers,False,0.5812753852829727
Harvey Barnes,Newcastle Utd,1755.0,2,10.112156573981276,0.22224854,8.147481,The Attackers,False,0.6189038894967324
Harvey Elliott,Liverpool,371.0,1,12.43970743907065,3.85447,8.87598,The Balanced Players,False,0.5311856490606227
Hwang Hee-chan,Wolves,661.0,1,8.07315989318157,4.735003,8.403939,The Balanced Players,False,0.6957474093430538
Hákon Valdimarsson,Brentford,145.0,1,10.043342247734989,8.027696,7.620276,The Balanced Players,False,0.6214972900129823
Ian Maatsen,Aston Villa,1139.0,2,12.235105903714869,3.5310912,7.2343144,The Attackers,False,0.5388964522663118
Ibrahim Sangaré,Nott'ham Forest,590.0,1,8.557229304087397,4.3436613,6.4673276,The Balanced Players,False,0.6775043206052389
Ibrahima Konaté,Liverpool,2560.0,0,8.579936322099654,2.8269548,3.6236818,The Enforcers,False,0.6766485628662948
Idrissa Gana Gueye,Everton,3063.0,0,11.375453661983283,2.0593739,5.0044103,The Enforcers,False,0.5712941038762827
Igor,Brighton,961.0,1,8.106933206616876,5.111256,5.87987,The Balanced Players,False,0.6944745969320871
Iliman Ndiaye,Everton,2430.0,2,9.909629399636321,0.6097216,7.6047688,The Attackers,False,0.6265365164096375
Illia Zabarnyi,Bournemouth,3109.0,0,12.66845285276691,2.5183787,3.4029534,The Enforcers,False,0.5225649372651383
Ismaila Sarr,Crystal Palace,2711.0,2,9.72482897119628,-0.09177235,7.9986863,The Attackers,False,0.6335010767368624
Issa Diop,Fulham,1339.0,1,9.074442572318373,5.1251006,5.560909,The Balanced Players,False,0.6580121417231724
Jack Clarke,Ipswich Town,1181.0,1,12.626310587345401,3.9573843,8.059126,The Balanced Players,False,0.5241531497618926
Jack Grealish,Manchester City,721.0,1,11.917303258961764,4.1501517,8.413642,The Balanced Players,False,0.5508734574616908
Jack Harrison,Everton,2076.0,2,10.882930728523739,1.1479858,6.9107037,The Attackers,False,0.5898557799047219
Jack Hinshelwood,Brighton,1842.0,0,11.396972452540327,2.6669662,6.075944,The Enforcers,False,0.5704831267791594
Jack Stephens,Southampton,1389.0,0,13.152662332402542,3.9244695,5.6512733,The Enforcers,False,0.5043165697672745
Jack Taylor,Ipswich Town,860.0,1,8.373897332702587,4.067161,6.5981083,The Balanced Players,False,0.6844135392980564
Jacob Greaves,Ipswich Town,2205.0,0,9.06701971852708,3.1150787,3.8681188,The Enforcers,False,0.6582918862749898
Jacob Murphy,Newcastle Utd,2360.0,2,10.276044696158507,-0.2646751,7.7324066,The Attackers,False,0.612727449737074
Jacob Ramsey,Aston Villa,1623.0,2,11.83679519724962,2.417915,6.6465726,The Attackers,False,0.5539075589372948
Jaden Philogene Bidace,Aston Villa,332.0,1,8.763930090304779,6.9921002,8.133204,The Balanced Players,False,0.669714403084767
Jadon Sancho,Chelsea,1764.0,2,9.79044564395383,0.82312024,7.4136763,The Attackers,False,0.631028185955443
Jahmai Simpson-Pusey,Manchester City,96.0,1,9.704299759103327,7.876221,8.653637,The Balanced Players,False,0.6342747596622684
Jake Evans,Leicester City,24.0,1,8.49528843312875,6.9813848,8.099376,The Balanced Players,False,0.6798386817111837
Jake O'Brien,Everton,1571.0,1,9.948077356678592,4.453068,6.2231445,The Balanced Players,False,0.625087531044507
Jakub Kiwior,Arsenal,1122.0,1,8.278718123375732,4.7522597,6.3500414,The Balanced Players,False,0.6880005512484617
Jakub Moder,Brighton,11.0,1,16.970665692229982,6.086331,9.728315,The Balanced Players,False,0.3604277543920805
Jakub Stolarczyk,Leicester City,900.0,1,9.812808520222246,8.107323,7.224816,The Balanced Players,False,0.6301853978614089
James Bree,Southampton,1075.0,1,9.020605545525436,5.265381,5.9124274,The Balanced Players,False,0.6600410938425096
James Garner,Everton,1594.0,0,9.73197261892754,2.500473,5.7794094,The Enforcers,False,0.6332318546035547
James Hill,Bournemouth,448.0,1,5.856447060198378,5.7253103,8.4337015,The Balanced Players,True,0.7792885049117485
James Justin,Leicester City,2912.0,0,8.36309968550727,1.4603575,4.782839,The Enforcers,False,0.6848204694438285
James Maddison,Tottenham,1809.0,2,11.682397566604742,0.1487193,6.9050384,The Attackers,False,0.5597263312317311
James Mcatee,Manchester City,349.0,1,12.215940443894945,3.6493306,9.260315,The Balanced Players,False,0.5396187395588339
James Milner,Brighton,170.0,1,10.633108320540813,6.0554295,6.568438,The Balanced Players,False,0.5992708188533692
James Tarkowski,Everton,2922.0,0,11.078726872767218,2.7671323,4.237029,The Enforcers,False,0.5824768248344733
James Ward-Prowse,West Ham,1039.0,1,13.75276675672733,3.6697204,6.377203,The Balanced Players,False,0.4817004779046917
Jamie Vardy,Leicester City,2823.0,2,14.884067747628185,0.66549045,9.001308,The Attackers,False,0.4390652196107169
Jan Bednarek,Southampton,2531.0,0,13.018886947669667,3.1361055,3.7992141,The Enforcers,False,0.5093581529775217
Jan Paul van Hecke,Brighton,2958.0,0,9.867227674083361,2.4672594,3.5451965,The Enforcers,False,0.6281345071615249
Jannik Vestergaard,Leicester City,1391.0,1,14.508171240806863,4.237444,5.7373366,The Balanced Players,False,0.45323160396733986
Jarell Quansah,Liverpool,495.0,1,7.928440760302074,6.7393494,8.168626,The Balanced Players,False,0.7012014287950161
Jarrad Branthwaite,Everton,2511.0,0,10.577499603050375,2.9558709,3.706126,The Enforcers,False,0.6013665405513706
Jarrod Bowen,West Ham,2973.0,2,14.218732016730801,-0.30043328,7.1609225,The Attackers,False,0.46413967898729014
Jason Steele,Brighton,180.0,1,11.634732311058219,7.374447,6.568412,The Balanced Players,False,0.5615226882562715
Jay Robinson,Southampton,137.0,1,12.143302000539174,6.703787,9.748819,The Balanced Players,False,0.5423562592988982
Jay Stansfield,Fulham,11.0,1,9.797357417461816,7.869412,8.511143,The Balanced Players,False,0.63076770244915
Jayden Danns,Liverpool,11.0,1,11.759441592398097,7.5130873,9.315512,The Balanced Players,False,0.5568227786262554
Jayden Meghoma,Brentford,11.0,1,10.394964826670064,7.9313745,9.031008,The Balanced Players,False,0.6082457154139422
Jean-Clair Todibo,West Ham,1825.0,0,10.056457454499801,3.4488583,5.2974806,The Enforcers,False,0.6210030181680055
Jean-Philippe Mateta,Crystal Palace,2648.0,2,10.358436660623873,0.6108436,8.870491,The Attackers,False,0.6096223497552102
Jean-Ricner Bellegarde,Wolves,1677.0,2,11.854608055029416,3.898222,8.175652,The Attackers,False,0.553236247059639
Jefferson Lerma,Crystal Palace,2274.0,0,6.711427224921973,2.424007,4.9315886,The Enforcers,True,0.7470669295287121
Jeffrey Schlupp,Crystal Palace,103.0,1,11.608919561566262,6.1502995,6.8862276,The Balanced Players,False,0.5624954914719664
Jens Cajuste,Ipswich Town,1959.0,0,9.703665561796697,2.694691,4.8310604,The Enforcers,False,0.6342986606101106
Jeremy Doku,Manchester City,1516.0,2,12.22843802606091,0.6524839,7.4991913,The Attackers,False,0.5391477440872645
Jeremy Monga,Leicester City,112.0,1,7.711606028501422,6.3862762,7.3537188,The Balanced Players,False,0.7093732635868021
Jeremy Sarmiento,Brighton,11.0,1,8.76822271062609,7.8733444,8.666684,The Balanced Players,False,0.669552627414429
Jesper Lindstrøm,Everton,1239.0,2,13.132695519960613,2.9078746,6.706094,The Attackers,False,0.5050690575778712
Joachim Andersen,Crystal Palace,90.0,1,10.393698226494763,7.1894875,7.4084697,The Balanced Players,False,0.6082934496827739
Joachim Kayi Sanda,Southampton,14.0,1,12.170412412155745,7.916248,9.114614,The Balanced Players,False,0.5413345511849434
Joe Aribo,Southampton,2013.0,0,10.892047644206455,2.6389875,4.759452,The Enforcers,False,0.5895121913654178
Joe Gomez,Liverpool,519.0,1,6.350264372507456,5.5164814,6.189879,The Balanced Players,False,0.7606780477215991
Joe Lumley,Southampton,270.0,1,8.117663257277236,7.6668725,6.8600645,The Balanced Players,False,0.6940702142920192
Joe Willock,Newcastle Utd,1086.0,1,12.118684338381605,3.2860713,7.044965,The Balanced Players,False,0.5432840233450041
Joel Ward,Crystal Palace,71.0,1,12.122584451434786,6.740341,6.628622,The Balanced Players,False,0.5431370400675779
Joelinton,Newcastle Utd,2393.0,0,10.079386848088799,1.9501597,5.310629,The Enforcers,False,0.6201388797768487
John McGinn,Aston Villa,2223.0,0,10.230471410553681,1.273493,6.219619,The Enforcers,False,0.6144449668423315
John Stones,Manchester City,548.0,1,14.528428907839565,4.8044,7.8617115,The Balanced Players,False,0.4524681547409012
Jonny Evans,Manchester Utd,315.0,1,10.26768843080102,6.2847567,6.1576777,The Balanced Players,False,0.6130423717028065
Jordan Ayew,Crystal Palace,21.0,1,15.35483350689999,5.3250957,9.018183,The Balanced Players,False,0.42132350462598067
Jordan Pickford,Everton,3122.0,0,15.14436011888777,9.949169,6.2380524,The Enforcers,False,0.4292555999163449
Jorge Cuenca,Fulham,351.0,1,7.35633036526355,6.7994523,8.523688,The Balanced Players,False,0.7227625117086907
Jorginho,Arsenal,704.0,1,9.781113187200281,5.829707,6.345704,The Balanced Players,False,0.6313798975754319
Joshua Acheampong,Chelsea,170.0,1,10.605459019175576,7.042584,9.336422,The Balanced Players,False,0.60031283606615
Joshua King,Fulham,130.0,1,10.86412876288098,6.524344,9.659786,The Balanced Players,False,0.5905643682185844
Joshua Zirkzee,Manchester Utd,1402.0,2,12.23484331436162,2.6577003,8.833623,The Attackers,False,0.5389063484521996
José Sá,Wolves,2609.0,0,15.867351519445759,9.778,6.406355,The Enforcers,False,0.40200827550397367
Jota Silva,Nott'ham Forest,854.0,2,12.696142390797593,2.8340673,8.650493,The Attackers,False,0.5215214036560685
João Félix,Chelsea,369.0,1,11.899711749738053,3.7962825,9.027781,The Balanced Players,False,0.5515364273923868
João Gomes,Wolves,2974.0,0,11.294479070942065,1.4421273,4.4249,The Enforcers,False,0.5743457874088342
João Pedro,Brighton,1948.0,2,9.291506596830322,0.13275519,8.274666,The Attackers,False,0.649831665593626
Joël Veltman,Brighton,1697.0,0,10.941211283544897,3.4686763,5.722134,The Enforcers,False,0.5876593648597173
Joško Gvardiol,Manchester City,3122.0,0,12.212023565791611,1.2419361,4.579203,The Enforcers,False,0.5397663546594877
Julian Araujo,Bournemouth,497.0,1,8.308902262028905,6.3170743,8.956032,The Balanced Players,False,0.686863003806879
Julio Enciso,Ipswich Town,869.0,2,13.026229176194148,3.716104,7.846777,The Attackers,False,0.50908144694428
Julio Soler,Bournemouth,11.0,1,10.536361707980912,7.748257,8.478975,The Balanced Players,False,0.6029169014156004
Jurriën Timber,Arsenal,2417.0,0,9.639714224450199,1.7001655,5.3131013,The Enforcers,False,0.6367087900168231
Justin Devenny,Crystal Palace,507.0,1,9.053874162010665,4.2979913,7.999803,The Balanced Players,False,0.6587873019088515
Justin Kluivert,Bournemouth,2340.0,2,8.259499726076546,-0.2706464,7.508159,The Attackers,True,0.6887248335919205
Jáder Durán,Aston Villa,638.0,2,17.27844734261503,3.0717916,9.296927,The Attackers,False,0.3488284096837698
Jørgen Strand Larsen,Wolves,2587.0,2,12.2666332318568,0.8040856,8.749764,The Attackers,False,0.5377082841400029
Kaelan Casey,West Ham,11.0,1,10.497341802605114,7.523007,9.224273,The Balanced Players,False,0.6043874417560441
Kai Havertz,Arsenal,1875.0,2,10.219311437623023,0.9549813,8.72488,The Attackers,False,0.614865551931781
Kalvin Phillips,Ipswich Town,1237.0,1,12.346545757893336,3.808814,5.9134827,The Balanced Players,False,0.5346966265741603
Kamaldeen Sulemana,Southampton,1402.0,2,13.951380931208313,3.3241332,7.443304,The Attackers,False,0.4742153199335154
Kaoru Mitoma,Brighton,2603.0,2,9.589886498623986,-0.17094308,7.908064,The Attackers,False,0.6385866439017651
Kasey McAteer,Leicester City,852.0,1,7.231335285610308,3.7002306,7.4167795,The Balanced Players,False,0.727473192198989
Keane Lewis-Potter,Brentford,3093.0,0,12.320805728260378,0.88670415,4.836895,The Enforcers,False,0.5356666892018098
Kenny Tete,Fulham,1774.0,0,9.259995802515308,2.979049,5.6778936,The Enforcers,False,0.6510192106108006
Kepa Arrizabalaga,Bournemouth,2790.0,0,16.354835455291663,9.969554,6.001572,The Enforcers,False,0.3836365038126899
Kevin Danso,Tottenham,842.0,1,7.677020303707383,5.2419915,5.899727,The Balanced Players,False,0.7106766932856516
Kevin De Bruyne,Manchester City,1702.0,2,15.64937002989341,0.28457355,6.88535,The Attackers,False,0.41022332807187534
Kevin Schade,Brentford,2293.0,2,9.264073938163856,0.50686353,8.3058405,The Attackers,False,0.6508655182087499
Kieran Tierney,Arsenal,259.0,1,11.752547591314274,3.4420621,8.61277,The Balanced Players,False,0.5570825923444893
Kieran Trippier,Newcastle Utd,1309.0,0,15.092199880824644,3.4461093,6.2670484,The Enforcers,False,0.43122135902058256
Kiernan Dewsbury-Hall,Chelsea,264.0,1,8.147913258268764,5.679403,8.688061,The Balanced Players,False,0.6929301847012737
Kim Jisoo,Brentford,30.0,1,8.134720612243568,7.6106586,8.816838,The Balanced Players,False,0.6934273749940332
Kobbie Mainoo,Manchester Utd,1651.0,0,10.78616855966023,2.7268825,6.1578946,The Enforcers,False,0.5935024487362376
Konstantinos Mavropanos,West Ham,2045.0,0,8.655590252492942,3.1740763,4.4019847,The Enforcers,False,0.6737973986852189
Kosta Nedeljković,Aston Villa,126.0,1,9.1468370547634,7.7907534,8.927914,The Balanced Players,False,0.6552838161202358
Kostas Tsimikas,Liverpool,837.0,1,12.041473062160012,3.5936096,6.4302473,The Balanced Players,False,0.5461938791052239
Kristoffer Ajer,Brentford,1438.0,1,10.38692954351879,5.025198,5.567807,The Balanced Players,False,0.6085485405465774
Kyle Walker,Manchester City,970.0,1,12.919341493381422,4.051512,5.7405825,The Balanced Players,False,0.5131097152847295
Kyle Walker-Peters,Southampton,2918.0,0,12.875221537444844,1.1151896,5.060028,The Enforcers,False,0.5147724608603141
Lamare Bogarde,Aston Villa,476.0,1,8.755450089558789,6.3799644,9.121174,The Balanced Players,False,0.6700339882571008
Leandro Trossard,Arsenal,2546.0,2,11.914584941708712,-0.28110343,7.917222,The Attackers,False,0.5509759024866143
Leif Davis,Ipswich Town,2743.0,0,13.327343990598301,1.2070272,5.5420704,The Enforcers,False,0.4977333547994651
Leny Yoro,Manchester Utd,1165.0,1,12.167840779407456,4.02955,6.2763853,The Balanced Players,False,0.5414314681215876
Leon Bailey,Aston Villa,1139.0,2,12.487415221720909,4.111918,8.388592,The Attackers,False,0.5293876893202119
Lesley Ugochukwu,Southampton,1655.0,0,13.239199903822605,3.4593902,6.11333,The Enforcers,False,0.5010552345971446
Levi Colwill,Chelsea,3122.0,0,12.01561235909799,2.5601726,3.4385207,The Enforcers,False,0.5471684895436317
Lewis Cook,Bournemouth,2978.0,0,12.261033948569692,1.2870296,5.5138144,The Enforcers,False,0.5379193039226488
Lewis Dunk,Brighton,2083.0,0,12.248885595101562,3.3150804,4.0463295,The Enforcers,False,0.5383771380376421
Lewis Hall,Newcastle Utd,2189.0,0,11.523963843669108,1.2621329,5.4036674,The Enforcers,False,0.5656972114432457
Lewis Miley,Newcastle Utd,313.0,1,9.548443285459946,4.521009,9.149946,The Balanced Players,False,0.6401485112668543
Lewis Orford,West Ham,49.0,1,9.474896204849314,7.3488903,8.766484,The Balanced Players,False,0.6429202747531615
Liam Delap,Ipswich Town,2593.0,2,13.226088305655592,0.379826,8.5977545,The Attackers,False,0.5015493704451581
Lisandro Martínez,Manchester Utd,1751.0,0,6.341210351138891,3.0123866,4.7938433,The Enforcers,True,0.761019265967453
Lloyd Kelly,Newcastle Utd,303.0,1,5.170693484141299,5.806098,8.39237,The Balanced Players,True,0.805132450136201
Lucas Bergvall,Tottenham,1212.0,1,13.445336058789064,4.22517,7.293265,The Balanced Players,False,0.49328659629362515
Lucas Digne,Aston Villa,2351.0,0,12.799492454294512,1.4904596,5.6654525,The Enforcers,False,0.5176264573178875
Lucas Paquetá,West Ham,2380.0,0,12.155508761933111,0.96333015,5.7453003,The Enforcers,False,0.5418962239686463
Luis Díaz,Liverpool,2399.0,2,11.768925477545741,-0.02704707,8.060214,The Attackers,False,0.5564653601353742
Luis Guilherme,West Ham,150.0,1,10.041448463229868,6.613744,9.683235,The Balanced Players,False,0.6215686609321085
Luis Sinisterra,Bournemouth,236.0,1,13.401820031627306,3.4724069,8.84127,The Balanced Players,False,0.4949265816493277
Luke Shaw,Manchester Utd,349.0,1,8.461305710044726,6.136867,6.726164,The Balanced Players,False,0.6811193861283753
Luke Thomas,Leicester City,1110.0,1,10.774569567031083,3.956741,6.1591096,The Balanced Players,False,0.5939395791291844
Luke Woolfenden,Ipswich Town,1187.0,1,10.595798783543733,4.1534047,6.132479,The Balanced Players,False,0.6006769006649235
Mads Hermansen,Leicester City,2385.0,1,15.579158141156466,9.697848,6.3433166,The Balanced Players,False,0.41286939842422576
Mads Roerslev,Brentford,1101.0,1,8.484316295823408,3.931482,6.705306,The Balanced Players,False,0.6802521878530617
Malo Gusto,Chelsea,1862.0,0,8.220530262697205,1.9346137,5.475145,The Enforcers,False,0.6901934729285066
Manuel Akanji,Manchester City,2014.0,0,12.037984589943495,3.3371892,4.001083,The Enforcers,False,0.5463253489043303
Manuel Ugarte,Manchester Utd,1785.0,0,10.962028032398067,2.8663526,6.0431175,The Enforcers,False,0.5868748455573087
Marc Cucurella,Chelsea,2988.0,0,10.693182535528631,1.5278643,4.4389877,The Enforcers,False,0.5970068062754488
Marc Guiu,Chelsea,73.0,1,9.93790471887795,7.1340427,8.993183,The Balanced Players,False,0.6254709065066075
Marc Guéhi,Crystal Palace,3059.0,0,11.03315039599042,2.49672,3.521987,The Enforcers,False,0.5841944622051971
Marco Asensio,Aston Villa,743.0,2,14.936261151862873,4.2623816,8.634293,The Attackers,False,0.4370982105753798
Marcos Senesi,Bournemouth,1106.0,1,10.56060579611663,3.9336486,5.777383,The Balanced Players,False,0.6020032162265287
Marcus Harness,Ipswich Town,45.0,1,8.401985563598586,6.436563,8.282933,The Balanced Players,False,0.6833549801799227
Marcus Rashford,Manchester Utd,978.0,2,12.687368630271203,3.0425332,8.830362,The Attackers,False,0.5218520597319146
Marcus Tavernier,Bournemouth,1939.0,2,10.768804459861178,0.23928922,6.7851577,The Attackers,False,0.5941568483044598
Mario Lemina,Wolves,1364.0,0,10.183286158459424,2.9001026,5.231236,The Enforcers,False,0.6162232340116222
Mark Flekken,Brentford,3122.0,0,15.217334971877136,9.998597,6.0994477,The Enforcers,False,0.4265054019308476
Mark Travers,Bournemouth,450.0,1,9.356229847854742,8.047423,7.368049,The Balanced Players,False,0.6473924451321866
Marshall Munetsi,Wolves,1078.0,1,8.949531141326666,3.0526137,8.954723,The Balanced Players,False,0.6627196697524378
Martial Godo,Fulham,24.0,1,9.573828358942803,6.179722,9.674025,The Balanced Players,False,0.6391918258458584
Martin Dúbravka,Newcastle Utd,900.0,1,11.658174185118824,7.8350587,6.6468453,The Balanced Players,False,0.5606392360507952
Martin Ødegaard,Arsenal,2325.0,2,14.69029429122187,0.08734771,6.721323,The Attackers,False,0.446367945791325
Mason Holgate,Everton,11.0,1,9.20914877034049,6.8964663,7.931184,The Balanced Players,False,0.6529354790200849
Mason Mount,Manchester Utd,622.0,1,9.588868307719602,3.1372783,9.022047,The Balanced Players,False,0.6386250163884422
Massimo Luongo,Ipswich Town,201.0,1,8.97005489011022,6.4308543,6.5633907,The Balanced Players,False,0.6619461927223764
Mateo Kovačić,Manchester City,2198.0,0,12.342329192947233,1.5890366,4.9296966,The Enforcers,False,0.5348555359510957
Mateus Fernandes,Southampton,2909.0,0,16.259195446104474,0.5268047,5.6108365,The Enforcers,False,0.3872408818939703
Mateus Mane,Wolves,11.0,1,7.982482767939718,6.803935,7.5744705,The Balanced Players,False,0.6991647515774693
Matheus Cunha,Wolves,2597.0,2,15.603649372039426,-0.23958467,7.085422,The Attackers,False,0.41194639918438525
Matheus França,Crystal Palace,55.0,1,13.362584031108554,3.9564433,9.351994,The Balanced Players,False,0.49640526595173207
Matheus Nunes,Manchester City,1674.0,0,10.782464535279576,2.0985107,6.247408,The Enforcers,False,0.5936420420341013
Mathias Jensen,Brentford,862.0,1,9.88102648232286,4.4020047,6.865592,The Balanced Players,False,0.6276144724774118
Mathis Amougou,Chelsea,11.0,1,11.578218302077975,7.4971547,9.341971,The Balanced Players,False,0.563652527608911
Mathys Tel,Tottenham,911.0,2,14.198224411019245,3.2883625,7.760268,The Attackers,False,0.46491254763456935
Mats Wieffer,Brighton,1015.0,0,13.222699526911333,2.9748137,6.1978874,The Enforcers,False,0.5016770831036148
Matt Doherty,Wolves,2109.0,0,8.658916793376298,3.3582413,4.310836,The Enforcers,False,0.6736720315805067
Matt O'Riley,Brighton,938.0,2,12.806579831643711,3.245143,7.734445,The Attackers,False,0.5173593558423824
Matt Targett,Newcastle Utd,21.0,1,10.637793290451949,6.785386,6.9757276,The Balanced Players,False,0.5990942567325301
Matthijs de Ligt,Manchester Utd,2123.0,0,7.798715415354423,3.123882,4.2082357,The Enforcers,False,0.7060903784499738
Matty Cash,Aston Villa,2070.0,0,8.843118921657187,2.4742632,4.905957,The Enforcers,False,0.6667300193479337
Matz Sels,Nott'ham Forest,3122.0,0,17.005450706023943,9.873166,6.355721,The Enforcers,False,0.3591168141031623
Max Aarons,Bournemouth,86.0,1,9.10166062999102,6.5326643,8.88081,The Balanced Players,False,0.6569863767601191
Max Kilman,West Ham,3122.0,0,10.452230016847185,2.6668315,3.594644,The Enforcers,False,0.6060875663500835
Maxence Lacroix,Crystal Palace,3116.0,0,9.4540176831672,2.7438197,3.6681523,The Enforcers,False,0.643707122083689
Maxwel Cornet,Southampton,72.0,1,9.420170480824877,6.4743414,8.436792,The Balanced Players,False,0.6449827191405288
Michael Golding,Leicester City,11.0,1,10.111783480835324,7.585433,8.924199,The Balanced Players,False,0.6189179502310314
Michael Kayode,Brentford,528.0,1,7.312706606505243,5.569517,8.3913145,The Balanced Players,False,0.7244065571372493
Michael Keane,Everton,1049.0,1,11.42252656145059,5.333474,6.598525,The Balanced Players,False,0.5695200709322854
Michail Antonio,West Ham,836.0,1,13.455967404528169,4.5659046,8.658911,The Balanced Players,False,0.4928859335387572
Micky van de Ven,Tottenham,1015.0,1,9.921224073528462,4.0956464,6.1787834,The Balanced Players,False,0.6260995487766186
Miguel Almirón,Newcastle Utd,157.0,1,10.78062314248092,5.160381,9.017139,The Balanced Players,False,0.5937114384707904
Mikel Merino,Arsenal,1586.0,2,10.747133361131969,1.8206735,8.734757,The Attackers,False,0.5949735654286076
Mikey Moore,Tottenham,366.0,1,9.528412050754193,5.73148,8.527301,The Balanced Players,False,0.6409034269546299
Mikkel Damsgaard,Brentford,2911.0,0,17.45722883932613,0.45455703,5.6116104,The Enforcers,False,0.34209068439954504
Milos Kerkez,Bournemouth,3122.0,0,14.245125282831683,0.8796896,4.895175,The Enforcers,False,0.4631449978843092
Mohamed Salah,Liverpool,3122.0,2,16.182716514052093,-0.3482783,7.8951907,The Attackers,False,0.3901231378526645
Mohammed Kudus,West Ham,2590.0,2,9.936630058321162,0.18158075,7.854572,The Attackers,False,0.625518944546451
Moisés Caicedo,Chelsea,3122.0,0,13.991107636861646,1.459125,4.356412,The Enforcers,False,0.472718142462337
Morato,Nott'ham Forest,907.0,1,7.502970642494602,4.794474,6.43272,The Balanced Players,False,0.7172360902290564
Morgan Gibbs-White,Nott'ham Forest,2803.0,2,13.171736800896369,-0.106793635,7.7422023,The Attackers,False,0.5035977116582516
Morgan Rogers,Aston Villa,3114.0,2,12.008851529779227,-0.099829435,7.86052,The Attackers,False,0.5474232844272262
Murillo,Nott'ham Forest,3122.0,0,9.621640748846277,2.6312375,3.522143,The Enforcers,False,0.6373899237794918
Mykhailo Mudryk,Chelsea,151.0,1,8.820135950605888,6.4741974,9.843941,The Balanced Players,False,0.6675961769090217
Myles Lewis-Skelly,Arsenal,1369.0,1,13.103751588422668,3.9402707,7.05849,The Balanced Players,False,0.5061598654239607
Nasser Djiga,Wolves,66.0,1,7.575962506591379,6.84598,8.975767,The Balanced Players,False,0.7144852511471895
Nathan Aké,Manchester City,678.0,1,10.024059435083336,5.6549144,5.852399,The Balanced Players,False,0.622223999973152
Nathan Broadhead,Ipswich Town,702.0,1,9.169636303550764,4.356294,8.670493,The Balanced Players,False,0.6544245824867676
Nathan Butler-Oyedeji,Arsenal,11.0,1,13.213622399057913,7.3361783,9.470592,The Balanced Players,False,0.5020191721618856
Nathan Collins,Brentford,3122.0,0,12.089025974309518,2.7008414,3.464254,The Enforcers,False,0.5444017559581289
Nathan Patterson,Everton,347.0,1,6.940735212522834,5.8312893,8.351634,The Balanced Players,False,0.7384250160513366
Nathan Wood-Gordon,Southampton,773.0,1,10.079617786018952,4.296222,6.216154,The Balanced Players,False,0.6201301764358447
Nathaniel Clyne,Crystal Palace,483.0,1,11.020198837245573,5.9249654,6.2833333,The Balanced Players,False,0.5846825666591289
Neco Williams,Nott'ham Forest,2594.0,0,10.722747199470774,1.3043364,5.1615224,The Enforcers,False,0.5958926049323172
Neto,Bournemouth,180.0,1,11.162367519689933,7.5445786,6.5949707,The Balanced Players,False,0.5793246658475131
Nick Pope,Newcastle Utd,2520.0,1,16.360931911408276,9.748036,6.4254885,The Balanced Players,False,0.3834067471137209
Niclas Füllkrug,West Ham,790.0,1,12.691050642124953,3.6850371,9.06905,The Balanced Players,False,0.5217132960185539
Nico O’Reilly,Manchester City,528.0,1,9.285668959727433,4.126008,9.096168,The Balanced Players,False,0.650051668199219
Nicolas Jackson,Chelsea,2220.0,2,10.362499110554046,0.37437627,8.462647,The Attackers,False,0.6094692484996891
Nicolás Domínguez,Nott'ham Forest,1963.0,0,9.01309929576779,2.436031,4.9099097,The Enforcers,False,0.6603239813320552
Nicolás González,Manchester City,760.0,1,6.918067321337039,4.735071,7.0267043,The Balanced Players,False,0.7392792992204131
Nikola Milenković,Nott'ham Forest,3122.0,0,9.444980868917431,2.887818,4.0979505,The Enforcers,False,0.6440476918461062
Noni Madueke,Chelsea,2033.0,2,7.991176405657537,0.24927971,7.9849396,The Attackers,True,0.6988371150840915
Noussair Mazraoui,Manchester Utd,2838.0,0,8.26099723596883,1.4615989,4.7987065,The Enforcers,False,0.6886683970453527
Nélson Semedo,Wolves,2886.0,0,10.891330303428369,1.172929,5.053299,The Enforcers,False,0.5895392257352313
Odsonne Édouard,Crystal Palace,115.0,1,8.444876128332083,5.7005534,8.8231,The Balanced Players,False,0.6817385665813356
Ola Aina,Nott'ham Forest,2995.0,0,11.810179031077013,1.7358729,4.6099663,The Enforcers,False,0.5549106404590929
Olabade Aluko,Leicester City,11.0,1,11.553257387182821,6.7029767,8.664113,The Balanced Players,False,0.5645932277960127
Oleksandr Zinchenko,Arsenal,527.0,1,8.980620227337061,5.499447,6.895411,The Balanced Players,False,0.6615480176255168
Oliver Scarles,West Ham,665.0,1,9.521802528499894,6.8135605,8.147156,The Balanced Players,False,0.6411525195398732
Oliver Skipp,Leicester City,1129.0,1,8.602674189150873,4.137396,6.3514194,The Balanced Players,False,0.6757916425218595
Ollie Watkins,Aston Villa,2598.0,2,13.296228751832855,0.6829264,8.932826,The Attackers,False,0.49890599254336654
Omar Marmoush,Manchester City,1175.0,2,9.094307415519253,2.5723243,8.968458,The Attackers,False,0.6572634968199584
Omari Hutchinson,Ipswich Town,2583.0,2,11.447434327412081,0.8802719,7.122275,The Attackers,False,0.5685813737651871
Orel Mangala,Everton,1261.0,1,6.596762310051627,4.6354656,6.6045175,The Balanced Players,False,0.7513882978489688
Oscar Bobb,Manchester City,16.0,1,12.57680012249258,6.1863065,9.658821,The Balanced Players,False,0.5260190470555686
Pablo Sarabia,Wolves,814.0,2,13.49487651956776,3.08875,8.746398,The Attackers,False,0.49141956854566904
Pape Matar Sarr,Tottenham,1913.0,0,9.330650717475715,2.3699238,6.1722,The Enforcers,False,0.6483564439613371
Patrick Dorgu,Manchester Utd,842.0,1,10.984420183445295,4.2371316,7.430861,The Balanced Players,False,0.5860309541868114
Patson Daka,Leicester City,736.0,1,7.518888436867592,4.7765617,8.665817,The Balanced Players,False,0.7166361974684017
Pau Torres,Aston Villa,2020.0,0,10.639023062790097,3.3032043,4.8641114,The Enforcers,False,0.599047910391723
Paul Onuachu,Southampton,1050.0,1,13.102813064643636,3.0737536,9.122652,The Balanced Players,False,0.5061952355014696
Pedro Lima,Wolves,70.0,1,10.513567016355838,6.7127194,9.738838,The Balanced Players,False,0.6037759633036243
Pedro Neto,Chelsea,2269.0,2,10.055554868402796,0.14584872,7.103439,The Attackers,False,0.6210370338647014
Pedro Porro,Tottenham,2610.0,0,14.42037130134722,0.56422347,5.868955,The Enforcers,False,0.45654051391010975
Pervis Estupiñán,Brighton,2402.0,0,11.19320666505157,1.3913459,5.5260677,The Enforcers,False,0.5781624332156723
Phil Foden,Manchester City,1777.0,2,9.684606269505391,0.22109486,6.9873133,The Attackers,False,0.6350169467746911
Philip Billing,Bournemouth,184.0,1,12.054030626369492,5.1458707,9.006913,The Balanced Players,False,0.5457206230947362
Player,Squad,3122.0,2,26.5343998410988,-0.23341453,6.7740083,The Attackers,False,0.0
Radu Drăgușin,Tottenham,1252.0,1,10.130217045795812,4.937881,5.7061515,The Balanced Players,False,0.61822324580693
Raheem Sterling,Arsenal,499.0,1,10.654985467001103,5.4170475,7.0327835,The Balanced Players,False,0.5984463364233426
Ramón Sosa,Nott'ham Forest,295.0,1,11.005663633817234,3.388783,8.720148,The Balanced Players,False,0.5852303538152501
Rasmus Højlund,Manchester Utd,2004.0,2,12.024644983729566,2.492002,8.970809,The Attackers,False,0.5468280776750509
Rayan Aït-Nouri,Wolves,3109.0,0,17.20995014697506,0.51052254,5.5100064,The Enforcers,False,0.3514098585218881
Raúl Jiménez,Fulham,2494.0,2,12.867267205766431,0.58945554,8.866278,The Attackers,False,0.5150722351806698
Reece James,Chelsea,1063.0,1,9.646042800088393,4.492038,6.8029027,The Balanced Players,False,0.6364702854462998
Reiss Nelson,Arsenal,11.0,1,23.949599124171733,7.551709,8.133675,The Balanced Players,False,0.09741319692196315
Remy Rees-Dottin,Bournemouth,11.0,1,10.641942358249363,7.9100776,8.662897,The Balanced Players,False,0.598937891115736
Renato Veiga,Chelsea,181.0,1,8.651185518951204,7.233212,8.228979,The Balanced Players,False,0.673963399558354
Ricardo Pereira,Leicester City,388.0,1,8.100371514675643,6.350535,6.6969023,The Balanced Players,False,0.6947218869397951
Riccardo Calafiori,Arsenal,983.0,1,9.180242225515407,4.4866486,7.182913,The Balanced Players,False,0.6540248778758415
Richarlison,Tottenham,504.0,1,13.37207989311071,3.3137922,9.191876,The Balanced Players,False,0.4960473960900046
Rico Henry,Brentford,99.0,1,6.470808753068208,6.1615353,7.97728,The Balanced Players,False,0.7561351004048091
Rico Lewis,Manchester City,1893.0,0,10.475076272640289,2.403,5.942796,The Enforcers,False,0.6052265611670036
Robert Sánchez,Chelsea,2880.0,0,14.616430739081597,9.720154,6.444288,The Enforcers,False,0.4491516361171889
Robin Olsen,Aston Villa,226.0,1,11.209695534579232,7.4777346,6.5840173,The Balanced Players,False,0.5775410183871326
Rodri,Manchester City,73.0,1,8.20641104190208,6.687746,7.016658,The Balanced Players,False,0.6907255829773368
Rodrigo Bentancur,Tottenham,1645.0,0,9.215127764539297,2.589647,4.8229694,The Enforcers,False,0.6527101490998828
Rodrigo Gomes,Wolves,810.0,1,8.50835123165944,4.359788,7.7801056,The Balanced Players,False,0.6793463849715207
Rodrigo Muniz,Fulham,964.0,2,14.152950479494663,2.8574705,9.222201,The Attackers,False,0.46661878300434234
Romain Esse,Crystal Palace,138.0,1,18.0650898110718,4.0354486,9.220061,The Balanced Players,False,0.3191822720975581
Roman Dixon,Everton,90.0,1,11.168591982510478,7.004034,8.999828,The Balanced Players,False,0.5790900849691883
Roméo Lavia,Chelsea,797.0,1,8.415265028308275,5.574675,8.123062,The Balanced Players,False,0.682854517957705
Ronnie Edwards,Southampton,12.0,1,9.01141380731327,7.3998933,9.197749,The Balanced Players,False,0.6603875022130479
Ross Barkley,Aston Villa,581.0,1,12.707182746356695,4.3331738,8.7506695,The Balanced Players,False,0.5211053265778147
Ross Stewart,Southampton,389.0,1,8.525238009956434,6.137239,7.175516,The Balanced Players,False,0.6787099741840854
Ryan Christie,Bournemouth,2117.0,0,10.857965196017293,1.5913054,5.746889,The Enforcers,False,0.590796654115405
Ryan Fraser,Southampton,306.0,1,9.999331063838074,7.093931,7.1585946,The Balanced Players,False,0.6231559363046065
Ryan Gravenberch,Liverpool,3122.0,0,12.073492392158457,1.3943814,4.4535785,The Enforcers,False,0.5449871689406754
Ryan Manning,Southampton,1462.0,0,11.318440387527737,3.2550724,6.328343,The Enforcers,False,0.5734427590106355
Ryan Sessegnon,Fulham,580.0,1,12.80882988709134,3.2282996,8.758925,The Balanced Players,False,0.5172745581661167
Ryan Trevitt,Brentford,11.0,1,10.212876519939906,7.464018,8.284338,The Balanced Players,False,0.6151080642072293
Ryan Yates,Nott'ham Forest,1915.0,0,10.863943156590352,2.8714786,6.080038,The Enforcers,False,0.5905713631493814
Rúben Dias,Manchester City,2271.0,0,10.39653722709449,3.045372,3.69639,The Enforcers,False,0.6081864564733277
Sam Johnstone,Wolves,630.0,1,9.636647711887612,7.852419,6.732428,The Balanced Players,False,0.6368243574530927
Sam Morsy,Ipswich Town,2751.0,0,10.094807936285054,2.1439114,4.783307,The Enforcers,False,0.619557706345808
Sammie Szmodics,Ipswich Town,992.0,1,11.14065011938948,3.0779634,8.995574,The Balanced Players,False,0.5801431279356142
Samuel Amo-Ameyaw,Southampton,28.0,1,12.35418950530128,6.2010098,9.621034,The Balanced Players,False,0.5344085572206525
Samuel Edozie,Southampton,65.0,1,9.054477260353394,6.1336617,9.54405,The Balanced Players,False,0.6587645729854034
Sander Berge,Fulham,2224.0,0,8.573371560466844,2.611115,4.67583,The Enforcers,False,0.6768959685612465
Sandro Tonali,Newcastle Utd,2630.0,0,11.71570092013956,0.7018422,5.967407,The Enforcers,False,0.5584712301654076
Santiago Bueno,Wolves,1687.0,0,12.069799296387377,4.9409814,5.424833,The Enforcers,False,0.5451263503728238
Saša Lukić,Fulham,2344.0,0,7.370629470138662,1.6339729,5.6350884,The Enforcers,True,0.7222236223816004
Scott McTominay,Manchester Utd,19.0,1,8.93028758708387,6.736837,7.343395,The Balanced Players,False,0.6634449001838036
Sean Longstaff,Newcastle Utd,798.0,1,6.733592454426803,5.1098013,6.440152,The Balanced Players,False,0.7462315901339052
Sepp van den Berg,Brentford,2586.0,0,10.11043659595441,2.9786234,3.74154,The Enforcers,False,0.6189687101837336
Sergio Reguilón,Tottenham,196.0,1,8.126969709919813,6.3970675,6.9434304,The Balanced Players,False,0.6937194826870721
Shumaira Mheuka,Chelsea,11.0,1,18.021794520962242,7.4242315,9.345476,The Balanced Players,False,0.32081393855200335
Simon Adingra,Brighton,1097.0,2,12.498947138275,3.9467144,8.141855,The Attackers,False,0.5289530868184349
Solly March,Brighton,168.0,1,8.666608731575232,6.083554,6.6978207,The Balanced Players,False,0.6733821460641582
Son Heung-min,Tottenham,2110.0,2,12.3265306939536,-0.31428292,7.456888,The Attackers,False,0.5354509328354511
Stefan Ortega,Manchester City,1100.0,1,11.728752754613318,7.9814296,6.6737885,The Balanced Players,False,0.5579793466273618
Stephy Mavididi,Leicester City,1615.0,2,9.065905297965863,0.8098005,7.3835783,The Attackers,False,0.6583338853617562
Sven Botman,Newcastle Utd,412.0,1,6.961190206673591,6.1014214,8.9425335,The Balanced Players,False,0.7376541301721289
Sávio,Manchester City,1766.0,2,12.483113477897227,0.33716983,7.628078,The Attackers,False,0.5295498088273213
Séamus Coleman,Everton,215.0,1,12.620564309062875,6.2888827,6.087459,The Balanced Players,False,0.5243697093342568
Taiwo Awoniyi,Nott'ham Forest,416.0,1,11.198293632657483,4.4301944,8.821641,The Balanced Players,False,0.5779707210369014
Takehiro Tomiyasu,Arsenal,11.0,1,12.392867918158611,6.768654,7.4215918,The Balanced Players,False,0.5329508866839545
Tariq Lamptey,Brighton,860.0,1,9.575061291218091,4.5922847,7.544303,The Balanced Players,False,0.6391453604167298
Taylor Harwood-Bellis,Southampton,2825.0,0,10.818816790701757,2.7913122,3.5418108,The Enforcers,False,0.5922720372237466
Thiago,Brentford,175.0,1,7.751369857652845,6.96019,8.0856,The Balanced Players,False,0.707874687045047
Thomas Partey,Arsenal,2797.0,0,11.41190025334847,1.6569705,4.930542,The Enforcers,False,0.5699205438340942
Tim Iroegbunam,Everton,574.0,1,8.534939436942016,5.6174207,8.297059,The Balanced Players,False,0.6783443572097547
Timo Werner,Tottenham,516.0,1,12.734789371566475,3.4342928,8.238092,The Balanced Players,False,0.5200649176982055
Timothy Castagne,Fulham,1649.0,0,10.188556415473359,4.779847,5.2469907,The Enforcers,False,0.6160246142182408
Toby Collyer,Manchester Utd,179.0,1,8.735663018716393,6.640387,9.179738,The Balanced Players,False,0.6707797021590881
Tom Cairney,Fulham,628.0,1,14.145269309450631,4.3701277,8.520566,The Balanced Players,False,0.466908262702019
Tom King,Wolves,11.0,1,8.694114081090126,7.174817,7.3108125,The Balanced Players,False,0.672345553954308
Tommy Doyle,Wolves,488.0,1,8.222830690183349,4.411219,7.7743835,The Balanced Players,False,0.6901067768848832
Tomáš Souček,West Ham,2567.0,0,13.848661795916625,1.6231642,8.495637,The Enforcers,False,0.47808648852624114
Tosin Adarabioyo,Chelsea,1409.0,0,11.707479317863982,5.053414,5.330166,The Enforcers,False,0.5587810770933506
Toti Gomes,Wolves,2614.0,0,7.420240975337436,2.563111,3.7109573,The Enforcers,False,0.7203539171877437
Trent Alexander-Arnold,Liverpool,2365.0,0,17.56780455444891,0.49207345,5.723126,The Enforcers,False,0.3379234254532354
Trevoh Chalobah,Crystal Palace,1060.0,1,9.170320034176049,4.7982025,6.8341165,The Balanced Players,False,0.6543988147803421
Tyler Adams,Bournemouth,1965.0,0,10.976705338617188,2.5066829,4.7998366,The Enforcers,False,0.5863217029836301
Tyler Dibling,Southampton,1874.0,2,13.983149293782002,1.3045207,6.897742,The Attackers,False,0.4730180679600796
Tyler Fredricson,Manchester Utd,165.0,1,8.83200211514422,6.9868054,9.171989,The Balanced Players,False,0.6671489776277343
Tyrell Malacia,Manchester Utd,100.0,1,6.239915533859377,6.3899355,8.052289,The Balanced Players,False,0.7648367563906816
Tyrick Mitchell,Crystal Palace,3092.0,0,11.747734156243027,0.96805286,4.8727694,The Enforcers,False,0.557263995922489
Tyrique George,Chelsea,183.0,1,12.818937928764607,4.0092397,9.201527,The Balanced Players,False,0.5168936171335778
Tyrone Mings,Aston Villa,1120.0,1,10.857446067226963,5.1867437,5.8931217,The Balanced Players,False,0.5908162184844294
Valentino Livramento,Newcastle Utd,2840.0,0,9.875654443881471,1.2510551,4.960219,The Enforcers,False,0.6278169281000585
Victor Bernth Kristiansen,Leicester City,2482.0,0,11.826220860097129,1.3998615,4.899724,The Enforcers,False,0.5543060732136988
Victor Lindelöf,Manchester Utd,704.0,1,7.098325395828393,5.8218465,6.259179,The Balanced Players,False,0.7324859262566066
Virgil van Dijk,Liverpool,3122.0,0,13.818852845170342,2.6865833,4.051462,The Enforcers,False,0.47920989628842126
Vitaliy Mykolenko,Everton,3082.0,0,9.293603187575542,1.4184287,4.9321504,The Enforcers,False,0.6497526515304561
Vitaly Janelt,Brentford,2254.0,0,5.143925891918443,2.616532,5.2696986,The Enforcers,True,0.806141238440559
Vitezslav Jaros,Liverpool,12.0,1,7.204435306360816,7.4780006,8.296387,The Balanced Players,False,0.7284869697636064
Vitor Reis,Manchester City,11.0,1,11.18967004657168,7.9842243,8.597255,The Balanced Players,False,0.5782957174995103
Vladimír Coufal,West Ham,1067.0,1,10.642926660418533,5.340365,5.7551107,The Balanced Players,False,0.5989007957913622
Wataru Endo,Liverpool,273.0,1,10.244114945743869,6.1414065,6.212805,The Balanced Players,False,0.6139307839223525
Welington,Southampton,482.0,1,9.151311688430237,6.447874,7.8509574,The Balanced Players,False,0.6551151809261619
Wes Burns,Ipswich Town,926.0,1,9.912939829833476,4.653642,8.420883,The Balanced Players,False,0.626411756467186
Wesley Fofana,Chelsea,1172.0,1,8.690126092754351,4.9480777,5.821265,The Balanced Players,False,0.6724958489811281
Wilfred Ndidi,Leicester City,2324.0,0,9.186404889532328,2.207486,5.114122,The Enforcers,False,0.6537926260045415
Will Alves,Leicester City,11.0,1,11.514309449087627,7.541726,9.321828,The Balanced Players,False,0.5660610559107783
Will Hughes,Crystal Palace,2108.0,0,10.15010907594527,1.6314522,5.8279524,The Enforcers,False,0.6174735763111592
Will Lankshear,Tottenham,11.0,1,9.493629080715378,7.6435347,8.827939,The Balanced Players,False,0.6422142902206962
William Osula,Newcastle Utd,134.0,1,11.303592438768703,3.9628637,9.2812395,The Balanced Players,False,0.5740023325773245
William Saliba,Arsenal,3039.0,0,12.726311317978672,2.6724768,3.4773316,The Enforcers,False,0.5203844294881301
William Smallbone,Southampton,690.0,1,9.116986395634035,4.084963,6.5241423,The Balanced Players,False,0.6564087957432205
Willian,Fulham,257.0,1,12.984597874557899,6.062669,6.83786,The Balanced Players,False,0.5106504027859633
Willy Boly,Nott'ham Forest,150.0,1,12.252489926862669,6.3629885,6.095343,The Balanced Players,False,0.538241301848292
Wilson Odobert,Tottenham,850.0,1,8.39948092299826,3.6006384,7.6526546,The Balanced Players,False,0.6834493723883512
Wout Faes,Leicester City,2815.0,0,9.592819403652117,2.9500213,3.5893056,The Enforcers,False,0.6384761117229447
Woyo Coulibaly,Leicester City,109.0,1,10.607176833661693,6.444962,8.883386,The Balanced Players,False,0.600248096916352
Yankuba Minteh,Brighton,1838.0,2,9.186989591125817,0.37138328,7.764608,The Attackers,False,0.6537705903980461
Yasin Ayari,Brighton,1965.0,0,13.216541451407275,1.6033998,6.1637893,The Enforcers,False,0.5019091620479639
Yehor Yarmoliuk,Brentford,1450.0,0,12.586643842813407,3.0526984,6.2778974,The Enforcers,False,0.5256480674826453
Yerson Mosquera,Wolves,441.0,1,6.185923722951156,6.2778716,7.7335916,The Balanced Players,False,0.7668715418477317
Yoane Wissa,Brentford,2919.0,2,11.714651323582657,0.7522569,8.760432,The Attackers,False,0.5585107862346304
Youri Tielemans,Aston Villa,3026.0,0,16.86864724510088,0.4500662,5.9088335,The Enforcers,False,0.36427251620090373
Youssef Chermiti,Everton,45.0,1,10.762350492456616,6.8533335,9.654556,The Balanced Players,False,0.5944000785053768
Yukinari Sugawara,Southampton,1557.0,0,10.994081671692053,3.6029627,6.32334,The Enforcers,False,0.5856668423808307
Yunus Emre Konak,Brentford,42.0,1,10.701916097572798,6.998736,9.232256,The Balanced Players,False,0.596677665156883
Yves Bissouma,Tottenham,1408.0,0,10.979787565729954,2.6860378,4.8524055,The Enforcers,False,0.586205543314249
Zain Silcott-Duberry,Bournemouth,11.0,1,11.403598883608735,7.7559667,8.529018,The Balanced Players,False,0.5702333969526665
Álex Moreno,Nott'ham Forest,955.0,1,9.676321903538247,4.689057,6.0797076,The Balanced Players,False,0.6353291590733207
İlkay Gündoğan,Manchester City,2223.0,0,14.89286552248832,0.80794895,6.372471,The Enforcers,False,0.4387336585084187
Łukasz Fabiański,West Ham,1160.0,1,13.618223280570795,8.04056,6.5676184,The Balanced Players,False,0.4867710081206472
